cl,cd,x_le,angle_le,x_te,angle_te
3.12682e+97,-1.317922e+97,0.9302665467879189,0.20211884219695522,0.751080115422929,0.7007909812871672
