cl,cd,x_le,angle_le,x_te,angle_te
2.790448e+29,-1.08011e+29,0.5680797431472187,1.3714352896067372,0.7151543566357886,0.6293941527841771
